,PC1,PC2,PC3,PC4,PC5,PC6,PC7
ingresos,0.4937203258922512,0.3069585228587316,-0.09141924915665847,0.1112220441011726,0.08889654521305639,-0.0754772584251309,-0.15431890331503975
gastos_comunes,0.3182286518529114,0.14737263410817325,-0.3634531555673516,0.08162962511713527,0.76300585482546,0.06790279724196102,0.10559750430858843
pago_coche,-0.1237705849094218,-0.0916409584491868,-0.5161441061095569,0.7802676857122557,-0.26555362105609714,-0.15369652308107162,-0.027333093183813422
gastos_otros,-0.1118757223146947,0.00011159340545052049,0.7019859123141718,0.5907043778177014,0.3307437350860517,0.15442232932037134,-0.10187618474019478
ahorros,0.44465030591021726,0.28843488227114167,0.19176735465063968,0.022839130195583236,-0.2890022230509032,-0.23018051875819912,-0.5245839205293263
vivienda,0.4626086054120292,0.1489848863836039,0.14051329210960087,0.1500854034247305,-0.36555555462671724,0.2907985555983131,0.6410336312363454
estado_civil,-0.2522789021582953,0.4690439597786636,-0.17288478400514604,-0.007663095705211138,-0.10463886476948035,0.7670699632190251,-0.21236527420780266
hijos,-0.2598586822162573,0.5218938718782534,0.11218356129949623,0.007404048297983246,0.043667897300135594,-0.38796361493832365,0.46006668385115546
trabajo,-0.2902475399788891,0.5271556381671404,-0.03691018419145793,-0.00749271067070533,8.65473019723978e-06,-0.2564459990810835,-0.10505340941682825
